GEOID,total_population,opportunity_score,economic_score,health_score,housing_score,tier
17031030101,3517,62.21,66.89,69.85,28.77,Moderate
17031030701,1509,61.09,69.97,69.2,12.57,Moderate
17031070103,1439,74.34,85.08,88.1,6.47,High
17031807100,3850,80.58,85.49,82.92,58.76,Very High
17031807200,6056,76.03,78.95,75.8,66.88,High
17031807300,8095,77.11,81.38,76.96,63.2,High
17031807400,6960,76.42,81.21,76.31,60.67,High
17031807500,3325,77.36,81.58,79.23,58.97,High
17031807700,6151,70.38,75.26,67.15,61.66,High
17031807900,4345,81.4,86.0,80.85,67.36,Very High
17031808001,3584,78.72,80.85,83.04,61.57,High
17031808002,5339,74.96,78.75,79.48,51.76,High
17031808301,6276,75.84,80.83,74.67,61.92,High
17031808302,4707,75.46,78.42,78.05,59.53,High
17031808600,2288,81.47,90.09,84.7,45.17,Very High
17031808702,5244,73.83,76.05,78.04,56.59,High
17031770202,4557,70.08,72.46,69.68,63.11,High
17031770602,4586,64.9,71.5,64.67,43.45,Moderate
17031806104,4132,61.79,69.88,63.97,29.69,Moderate
17031802506,2517,66.2,74.24,64.57,43.18,High
17031802505,6371,67.95,75.35,68.37,42.32,High
17031802404,7492,71.16,74.8,70.06,61.63,High
17031803017,6125,77.11,83.08,78.67,53.57,High
17031804714,3269,75.6,80.41,78.88,51.91,High
17031804403,6895,70.54,76.41,66.85,59.56,High
17031804406,5798,65.48,72.55,55.1,66.13,High
17031804716,4599,78.19,82.06,80.36,60.22,High
17031806201,5130,73.04,75.44,76.39,57.21,High
17031820606,3975,70.44,74.5,72.13,52.98,High
17031820604,3546,59.13,67.15,57.66,35.83,Moderate
17031824116,5365,71.34,77.43,74.2,44.4,High
17031824114,5223,79.94,82.9,80.22,69.44,High
17031823806,4203,66.72,70.09,69.07,49.97,High
17031824003,5995,78.5,80.36,78.72,71.76,High
17031824005,5749,77.55,79.75,78.44,68.12,High
17031824122,5935,78.47,80.28,77.71,74.18,High
17031804506,5248,77.23,81.33,77.37,63.21,High
17031824119,5332,79.04,82.8,78.08,68.78,High
17031831900,3074,76.77,85.37,84.98,28.99,High
17031832600,4348,82.4,90.24,86.76,46.13,Very High
17031836900,1994,40.5,52.75,32.98,17.23,Low
17031841200,4414,60.38,72.48,57.77,26.17,Moderate
17031839500,1804,49.65,46.84,62.78,28.35,Moderate
17031835800,1852,60.79,70.37,61.06,28.22,Moderate
17031838800,3225,45.85,60.43,32.89,27.52,Moderate
17031842300,3672,77.21,84.5,83.23,38.89,High
17031841900,5983,75.27,75.77,81.28,59.6,High
17031843200,2348,61.15,72.71,61.59,21.6,Moderate
17031843400,1209,53.02,63.93,48.55,27.05,Moderate
17031842600,4540,66.47,73.17,65.94,45.36,High
17031803200,5024,77.99,81.57,79.51,62.51,High
17031803300,5629,75.87,82.13,78.02,49.97,High
17031808900,4160,85.91,91.17,88.3,62.8,Very High
17031809000,4044,83.65,90.43,86.05,55.45,Very High
17031301803,3168,55.45,66.68,52.17,25.66,Moderate
17031809100,3287,77.21,85.44,80.9,41.21,High
17031809200,4857,61.59,70.67,57.39,41.12,Moderate
17031809300,4799,70.61,78.39,76.13,31.83,High
17031320101,8705,83.01,88.08,86.71,57.5,Very High
17031829904,4166,73.08,76.44,72.92,62.27,High
17031804204,5281,81.86,86.04,82.96,65.36,Very High
17031804316,4514,75.25,78.92,74.05,65.8,High
17031804514,5381,78.22,82.32,79.41,61.8,High
17031330103,8471,80.47,86.99,81.88,55.46,Very High
17031380600,4025,51.79,62.53,47.06,27.03,Moderate
17031330102,9617,84.07,88.83,87.25,60.73,Very High
17031330101,5011,83.49,89.68,86.75,55.23,Very High
17031460800,4376,38.88,52.86,24.32,26.26,Low
17031806005,2713,72.29,80.39,74.78,39.47,High
17031806006,4417,70.91,74.48,72.4,55.52,High
17031804203,3215,84.91,90.1,86.59,63.67,Very High
17031803614,4145,58.78,68.85,58.34,26.25,Moderate
17031803616,4789,73.71,79.89,74.08,52.24,High
17031809402,2713,68.08,75.99,76.59,21.84,High
17031828508,4095,60.21,73.72,46.27,47.73,Moderate
17031828507,4164,69.13,75.18,63.55,61.99,High
17031824126,5416,79.3,82.23,78.0,72.55,High
17031824508,3188,70.62,75.24,72.25,51.45,High
17031824509,5104,75.46,78.36,75.1,66.61,High
17031824127,4001,76.39,78.29,77.98,66.32,High
17031824125,4443,75.19,78.42,75.09,64.69,High
17031824124,2909,69.64,75.66,71.43,45.42,High
17031824129,4074,75.58,76.42,79.8,62.94,High
17031824128,4445,77.07,80.2,77.43,65.77,High
17031829903,4068,68.77,76.6,63.07,55.95,High
17031804313,6913,74.17,76.59,73.76,67.07,High
17031804312,1888,82.17,86.89,85.99,57.54,Very High
17031820203,3696,79.36,83.92,79.12,64.75,High
17031820204,4332,77.09,81.35,77.91,61.01,High
17031630600,2746,52.71,63.59,43.76,37.29,Moderate
17031490200,2944,61.64,69.03,57.77,46.04,Moderate
17031612200,3687,47.02,59.35,37.24,28.75,Moderate
17031844700,1753,54.03,65.17,51.28,23.31,Moderate
17031844600,2275,49.77,58.22,53.52,12.85,Moderate
17031803613,3891,62.35,70.95,58.63,42.35,Moderate
17031803615,2357,76.05,83.8,82.5,35.16,High
17031804314,1409,74.43,79.5,77.72,49.86,High
17031804512,3555,79.27,83.64,81.03,60.58,High
17031804315,2547,74.43,78.28,76.54,56.65,High
17031804513,3753,78.53,82.76,81.26,58.05,High
17031320102,5429,78.32,88.05,85.04,30.22,High
17031809401,2879,76.42,83.68,83.54,35.59,High
17031220701,3077,67.31,76.49,72.13,25.45,High
17031063302,4102,79.31,87.7,89.2,28.23,High
17031252201,3258,46.51,55.02,41.72,29.32,Moderate
17031660302,4612,55.23,62.98,52.05,36.85,Moderate
17031660301,1761,45.06,54.58,43.02,18.04,Moderate
17031730202,3093,64.39,73.38,57.33,50.92,Moderate
17031813302,2893,53.39,69.3,40.72,29.95,Moderate
17031813702,4719,60.7,69.95,56.59,39.5,Moderate
17031813301,3292,54.03,71.19,39.82,29.96,Moderate
17031802403,1392,75.71,80.12,82.29,45.64,High
17031803016,2560,78.62,86.6,87.24,31.94,High
17031803701,2745,72.96,79.49,77.74,40.03,High
17031804108,4577,72.18,78.44,83.96,23.83,High
17031804715,3777,64.26,72.42,61.21,44.2,Moderate
17031835600,749,26.19,39.43,15.08,7.99,Low
17031840000,2651,67.82,72.12,72.04,43.64,High
17031836400,3783,54.59,64.95,49.39,32.2,Moderate
17031836100,1827,45.9,58.55,41.7,13.53,Moderate
17031834600,1825,40.99,53.56,32.79,18.19,Low
17031843600,2966,61.47,74.57,58.48,24.81,Moderate
17031061902,4938,78.31,86.6,85.55,33.79,High
17031030102,3052,65.14,72.63,68.35,32.65,High
17031030103,2297,63.71,73.3,67.85,22.06,Moderate
17031030706,2588,72.07,80.11,79.23,28.57,High
17031030601,3771,66.26,75.51,69.96,26.83,High
17031081202,3437,85.43,92.83,89.2,52.0,Very High
17031063303,1198,76.04,83.06,86.0,29.41,High
17031220901,3090,62.75,74.51,60.71,28.3,Moderate
17031210602,4362,69.29,80.11,68.38,35.32,High
17031220602,4316,71.7,81.07,78.15,25.44,High
17031220601,1538,76.52,86.24,83.89,26.9,High
17031040401,3431,77.23,85.29,80.53,42.72,High
17031252202,4945,47.88,56.88,41.85,31.94,Moderate
17031252102,7020,54.04,66.57,39.58,46.01,Moderate
17031770601,3694,73.62,78.06,73.76,58.5,High
17031806103,5296,77.14,80.59,76.87,66.23,High
17031802610,1986,78.09,83.05,80.63,55.65,High
17031802609,6414,69.12,74.82,69.69,48.83,High
17031804610,2684,73.07,78.05,76.36,48.76,High
17031770201,6051,73.83,79.5,75.89,50.1,High
17031804308,4752,70.59,75.48,70.58,54.33,High
17031820605,5617,59.58,68.44,58.69,32.17,Moderate
17031836300,1744,64.04,74.33,67.32,22.07,Moderate
17031834500,1572,44.38,60.53,36.17,9.69,Low
17031836000,3022,60.22,71.35,56.47,31.86,Moderate
17031836200,1709,79.51,85.25,84.76,48.11,High
17031834400,4263,59.73,68.95,57.98,33.09,Moderate
17031834300,6186,62.49,68.96,55.63,56.94,Moderate
17031070101,4583,77.72,85.31,85.1,35.2,High
17031110501,5097,73.16,79.3,73.73,51.35,High
17031030104,3106,64.92,70.26,71.94,30.77,Moderate
17031081401,2171,77.95,86.85,85.64,30.32,High
17031430102,3542,52.97,65.29,48.7,21.91,Moderate
17031770902,3816,71.24,78.34,70.68,48.85,High
17031824121,3105,72.77,75.89,73.96,59.62,High
17031430101,3468,46.38,59.87,38.53,19.75,Moderate
17031804109,3138,80.72,85.9,83.49,57.0,Very High
17031804611,4233,76.64,81.14,78.92,56.28,High
17031824004,4771,75.65,81.71,76.27,53.96,High
17031824006,6013,81.71,84.52,81.32,73.23,Very High
17031252101,1492,52.63,63.39,52.82,16.34,Moderate
17031010501,3913,69.55,80.16,74.98,21.54,High
17031020701,1728,74.72,81.01,79.97,41.54,High
17031010201,8210,59.12,68.37,51.93,45.07,Moderate
17031760801,4718,70.7,80.01,77.21,24.51,High
17031839000,10190,76.38,79.41,82.97,50.91,High
17031440201,6096,53.79,65.14,45.83,34.53,Moderate
17031540101,4460,34.86,46.36,25.71,17.82,Low
17031802004,6006,67.18,69.19,68.58,57.24,High
17031802003,2517,77.03,81.66,81.11,52.08,High
17031803013,5724,79.22,82.48,79.21,68.36,High
17031802608,6009,78.41,81.33,79.28,66.66,High
17031803015,4498,76.78,81.87,77.66,57.78,High
17031803014,3329,72.21,79.68,72.63,46.35,High
17031834000,3274,46.5,60.52,39.43,16.25,Moderate
17031833900,2696,40.33,52.52,29.81,24.24,Low
17031221000,2571,64.79,76.5,66.41,21.97,Moderate
17031221100,4542,69.55,77.57,73.43,33.75,High
17031242800,1450,76.25,86.36,79.33,35.37,High
17031242900,2032,76.98,86.09,81.73,35.51,High
17031243000,2223,75.47,84.75,81.81,29.75,High
17031243100,2159,76.81,87.26,79.94,34.68,High
17031243200,2329,79.03,88.26,82.16,40.98,High
17031243300,2285,75.63,86.48,83.2,21.8,High
17031243400,2931,74.4,84.06,79.94,29.26,High
17031071400,4763,77.43,84.5,82.8,41.33,High
17031110400,4501,74.2,78.97,77.14,51.43,High
17031150600,4223,70.64,76.07,71.03,51.65,High
17031150700,4453,73.18,77.67,74.65,54.81,High
17031150800,4668,67.85,73.39,66.22,53.22,High
17031151100,5447,67.23,75.48,63.78,47.81,High
17031151200,4057,70.47,76.54,67.87,56.31,High
17031241500,2823,80.47,88.67,89.34,32.43,Very High
17031241100,3650,70.68,81.19,72.55,31.33,High
17031241600,3397,76.16,87.0,82.84,24.48,High
17031241300,1888,77.42,86.05,84.12,33.0,High
17031241400,5584,80.35,89.18,86.95,35.49,Very High
17031243500,4567,79.84,87.09,87.64,37.47,High
17031250200,3051,55.28,67.42,44.91,38.97,Moderate
17031250300,4844,57.36,69.27,44.7,47.2,Moderate
17031250400,5513,53.32,63.1,43.32,44.07,Moderate
17031250500,6903,74.45,79.33,69.82,68.98,High
17031071500,5991,81.14,88.04,89.34,38.96,Very High
17031071800,2726,81.92,90.79,86.03,42.78,Very High
17031080100,6607,82.16,87.56,86.74,53.5,Very High
17031080300,5836,81.18,87.89,87.24,44.7,Very High
17031080400,4888,51.14,48.74,60.03,38.37,Moderate
17031160100,2757,72.32,81.76,71.25,43.38,High
17031160200,3356,77.29,85.52,78.13,47.89,High
17031160300,3685,68.03,74.23,73.04,35.68,High
17031160400,5171,69.54,78.73,67.65,43.31,High
17031160700,6265,71.26,79.9,69.35,46.89,High
17031221300,3011,69.3,78.12,76.58,22.88,High
17031221500,2767,69.43,79.74,73.45,25.67,High
17031221400,3083,74.22,84.87,79.15,27.23,High
17031250600,4542,58.76,66.74,48.83,55.34,Moderate
17031250700,6466,49.43,62.05,36.27,38.11,Moderate
17031250800,2693,56.19,68.15,44.81,42.92,Moderate
17031251000,1380,43.13,53.18,36.95,24.08,Low
17031251100,4544,53.08,67.79,38.94,37.05,Moderate
17031051400,2535,77.32,84.54,82.77,40.55,High
17031060100,3178,82.47,91.03,87.48,42.23,Very High
17031060300,2821,79.09,88.87,85.07,32.54,High
17031060800,5319,77.75,84.56,83.15,42.47,High
17031160800,5236,65.62,77.6,58.68,41.91,High
17031160900,2420,76.13,84.57,79.13,40.96,High
17031161000,1986,74.27,82.4,80.95,31.57,High
17031161100,2024,77.74,84.74,81.36,45.98,High
17031161200,2873,65.4,73.38,64.54,40.85,High
17031161300,3769,64.83,74.05,64.82,34.12,Moderate
17031170100,2030,62.68,69.78,59.06,47.48,Moderate
17031221600,3389,79.21,87.83,84.64,37.83,High
17031242100,3817,79.83,87.66,85.51,40.47,High
17031242000,4378,76.71,86.17,82.83,30.92,High
17031251200,3840,57.03,65.82,48.99,46.5,Moderate
17031251300,4915,55.57,65.63,47.62,40.55,Moderate
17031051300,3077,83.57,90.07,88.01,51.52,Very High
17031600700,2870,65.15,73.6,65.77,35.54,High
17031600900,3733,64.35,74.95,62.69,32.9,Moderate
17031821200,5323,56.19,63.86,51.51,41.51,Moderate
17031672000,3295,51.64,60.98,40.42,46.7,Moderate
17031710900,2151,51.5,60.64,47.23,31.01,Moderate
17031711000,3779,50.11,60.08,41.81,36.25,Moderate
17031711100,2808,54.5,58.34,54.17,42.48,Moderate
17031711200,4869,59.54,69.65,47.48,53.96,Moderate
17031711500,2628,57.39,70.22,42.99,48.22,Moderate
17031711300,1618,53.73,65.67,46.33,31.19,Moderate
17031711400,2728,57.64,64.87,52.95,44.49,Moderate
17031270500,1380,34.26,51.65,20.47,8.47,Low
17031271200,1384,47.31,60.1,42.06,16.92,Moderate
17031271300,964,48.68,60.14,46.02,16.65,Moderate
17031271400,1359,46.6,59.5,41.46,15.58,Moderate
17031350100,2439,70.11,81.06,81.43,7.2,High
17031350400,1777,38.45,54.79,29.65,4.53,Low
17031351000,3526,65.35,76.56,70.46,16.09,High
17031351400,1569,31.09,31.73,39.05,10.36,Low
17031360200,1672,38.55,47.38,38.66,8.82,Low
17031430400,2999,53.84,64.57,48.78,29.89,Moderate
17031430600,2218,54.15,66.92,49.0,23.58,Moderate
17031430800,2016,56.94,67.27,54.13,29.04,Moderate
17031430500,3882,45.57,56.44,41.74,18.3,Moderate
17031430900,1681,52.94,66.39,45.55,25.31,Moderate
17031610300,5670,48.2,54.64,42.7,39.54,Moderate
17031681000,2297,25.13,20.63,32.81,22.19,Low
17031681100,1932,44.28,54.72,36.94,26.63,Low
17031680500,1474,48.63,65.83,34.26,24.81,Moderate
17031803400,6745,81.87,86.14,82.48,66.2,Very High
17031803500,5565,81.98,84.87,85.14,64.94,Very High
17031803604,4375,72.83,78.28,73.79,52.44,High
17031680900,3560,37.52,51.58,25.31,19.13,Low
17031803607,4358,78.46,81.82,79.64,64.53,High
17031809500,4183,76.01,84.08,83.4,31.86,High
17031809600,3226,73.65,81.05,72.54,51.57,High
17031809700,3726,75.02,82.55,74.27,51.67,High
17031809800,2776,71.95,81.53,75.14,32.55,High
17031809900,2760,79.22,86.67,85.73,39.19,High
17031810000,5359,79.69,84.8,84.15,52.26,High
17031825501,5493,63.55,73.33,53.92,53.45,Moderate
17031720100,3370,74.21,76.95,74.76,63.77,High
17031824400,1855,64.21,72.13,63.88,38.58,Moderate
17031720200,4097,74.56,80.81,72.25,59.09,High
17031720300,3614,79.42,84.62,80.58,59.38,High
17031720400,1872,75.47,82.83,73.56,55.41,High
17031720500,1833,78.61,83.98,81.39,54.23,High
17031720600,1860,79.39,85.23,81.43,55.13,High
17031720700,3135,69.86,78.15,69.99,41.95,High
17031040600,2785,77.39,88.62,82.52,28.01,High
17031040700,3749,76.6,83.65,83.6,36.77,High
17031040800,1577,76.69,86.38,84.41,26.36,High
17031816900,5907,68.2,73.38,59.22,71.91,High
17031817000,4982,62.83,71.73,53.21,55.61,Moderate
17031817101,4802,58.36,68.16,46.14,54.24,Moderate
17031817102,2920,60.5,68.78,55.47,44.65,Moderate
17031825801,3448,48.7,60.48,38.31,33.69,Moderate
17031825802,7239,64.59,71.44,53.77,67.03,Moderate
17031825803,5761,62.15,69.82,56.67,49.37,Moderate
17031825900,3442,50.0,59.64,39.06,43.39,Moderate
17031826000,2724,52.47,61.17,43.01,45.54,Moderate
17031380100,1928,44.2,40.75,54.15,32.49,Low
17031380200,1723,50.47,69.12,40.13,12.42,Moderate
17031431200,2399,64.35,72.81,60.62,44.85,Moderate
17031431400,7565,49.14,59.36,40.04,36.3,Moderate
17031803902,3498,72.38,76.58,72.21,58.78,High
17031804000,4672,72.17,75.41,71.08,63.88,High
17031804104,5176,82.04,85.75,84.51,63.9,Very High
17031810100,4615,77.65,85.43,82.05,41.46,High
17031810200,6699,70.74,78.22,70.76,45.77,High
17031810301,4604,69.71,74.18,71.63,50.31,High
17031050100,2513,78.25,90.13,82.76,28.14,High
17031610800,1521,67.29,73.24,69.66,41.94,High
17031611300,3409,48.24,60.84,43.22,17.97,Moderate
17031611400,3587,40.8,57.31,22.53,28.37,Low
17031611500,3273,48.53,63.18,34.63,32.16,Moderate
17031611900,1559,45.97,62.69,31.89,23.12,Moderate
17031681200,1883,38.04,50.38,29.82,16.07,Low
17031810302,3329,76.65,83.66,78.45,49.05,High
17031810400,5726,80.68,84.66,79.67,69.81,Very High
17031810701,4579,65.13,71.21,65.79,43.29,High
17031810702,4048,67.59,76.31,68.9,35.47,High
17031810600,4783,70.89,76.74,73.42,45.51,High
17031817200,4488,56.12,69.38,42.75,43.13,Moderate
17031817400,3982,63.03,69.54,58.76,51.3,Moderate
17031817600,3460,54.95,67.54,40.31,47.13,Moderate
17031691200,1984,48.33,62.13,40.44,20.75,Moderate
17031691100,2883,53.76,67.37,47.23,23.59,Moderate
17031730100,2669,60.91,69.87,50.78,54.65,Moderate
17031730300,1042,54.2,64.03,45.03,42.83,Moderate
17031730400,4070,63.12,72.15,54.41,53.36,Moderate
17031817700,5117,64.29,72.54,54.11,60.53,Moderate
17031818100,2253,76.42,82.46,76.2,56.82,High
17031826100,4698,59.93,70.44,51.43,44.74,Moderate
17031826301,4365,62.52,71.13,53.6,54.66,Moderate
17031826303,3646,60.55,68.58,50.21,57.91,Moderate
17031826304,2947,59.05,68.27,53.22,41.9,Moderate
17031730500,4053,61.22,67.47,53.8,57.72,Moderate
17031730600,3570,63.68,69.82,60.97,49.54,Moderate
17031802801,4689,81.36,85.65,83.95,60.98,Very High
17031381200,1906,61.38,75.09,59.45,20.17,Moderate
17031381400,1615,47.09,59.05,44.74,12.69,Moderate
17031440300,4650,64.05,71.91,59.41,48.7,Moderate
17031804706,2255,76.62,80.84,78.46,58.25,High
17031804710,3836,76.38,80.43,78.46,58.04,High
17031810800,5309,73.63,78.04,72.36,61.85,High
17031810900,6324,69.74,76.65,68.21,50.27,High
17031811000,4021,75.13,79.55,75.37,59.86,High
17031612000,1317,55.1,67.76,52.78,18.28,Moderate
17031612100,1018,48.51,61.69,43.05,17.3,Moderate
17031620100,4798,64.71,72.92,54.73,60.66,Moderate
17031620200,1948,62.8,72.87,59.69,36.52,Moderate
17031620300,7080,67.02,72.46,60.44,64.23,High
17031620400,4540,57.77,62.36,52.85,53.94,Moderate
17031810501,5259,74.44,77.51,73.28,66.9,High
17031810502,5846,70.48,76.08,67.89,57.84,High
17031812200,3758,82.59,88.85,83.3,60.04,Very High
17031818200,4655,71.99,77.03,69.81,60.3,High
17031818402,3198,73.04,78.19,75.34,50.52,High
17031818800,5395,78.19,81.39,78.21,67.51,High
17031818900,4683,75.73,81.82,77.62,51.06,High
17031826402,5109,59.52,67.39,49.52,56.66,Moderate
17031826600,4872,52.99,63.87,39.12,49.07,Moderate
17031826700,4390,49.02,57.61,40.83,39.5,Moderate
17031826901,1728,42.24,59.77,24.55,25.09,Low
17031826902,1467,45.45,59.51,32.16,29.55,Moderate
17031730700,2288,60.73,68.23,54.25,50.87,Moderate
17031740100,3075,71.61,75.39,73.86,53.74,High
17031740200,6473,76.11,78.49,76.21,67.92,High
17031740300,5043,78.29,80.57,80.09,66.52,High
17031740400,4530,72.54,77.11,73.36,55.37,High
17031803005,2701,78.37,83.03,83.38,51.18,High
17031803007,5201,75.17,79.26,75.43,60.92,High
17031381800,1483,59.71,70.34,62.58,17.56,Moderate
17031381900,1348,53.79,60.89,55.45,26.24,Moderate
17031390100,1854,64.16,76.73,62.82,25.37,Moderate
17031390200,2178,72.03,81.55,70.39,44.12,High
17031390300,2664,43.23,51.55,43.0,16.09,Low
17031390400,2289,51.56,63.43,47.9,20.55,Moderate
17031390500,1766,70.32,83.45,73.17,19.91,High
17031390600,1824,68.4,79.46,70.72,26.13,High
17031390700,6062,71.77,79.18,73.07,44.05,High
17031804711,8272,74.37,76.62,76.81,61.18,High
17031804806,3765,69.4,73.24,69.37,56.68,High
17031804808,2768,75.9,79.5,77.41,60.34,High
17031804809,4704,78.89,81.8,80.8,64.74,High
17031812400,3295,83.91,88.94,87.65,58.4,Very High
17031812500,3427,71.18,81.37,72.69,33.66,High
17031440600,1612,59.1,68.84,50.64,46.36,Moderate
17031440900,2377,54.38,61.01,53.27,34.83,Moderate
17031440700,1453,60.5,73.73,49.27,42.63,Moderate
17031440800,1877,41.74,57.15,28.76,20.69,Low
17031819300,2700,72.09,78.6,70.85,53.28,High
17031819400,5663,72.15,77.82,72.13,53.29,High
17031819500,3448,73.34,81.22,74.61,44.14,High
17031630300,4167,59.15,71.16,47.37,46.58,Moderate
17031630500,5989,57.12,67.36,47.67,45.01,Moderate
17031630800,6361,60.67,68.01,50.82,59.15,Moderate
17031630900,4856,57.19,63.46,56.13,38.75,Moderate
17031640100,1348,63.67,75.89,58.19,35.7,Moderate
17031640300,6897,66.53,72.09,60.99,60.93,High
17031819600,4015,82.16,86.9,83.93,62.22,Very High
17031827000,3399,51.48,61.99,42.11,38.32,Moderate
17031827100,1999,52.23,67.15,40.95,28.81,Moderate
17031827200,3571,56.8,64.18,49.74,48.64,Moderate
17031827300,2363,52.81,65.6,44.83,28.79,Moderate
17031750100,3636,63.55,69.74,59.29,52.83,Moderate
17031750200,3141,67.13,75.62,65.08,43.61,High
17031750300,2546,78.34,85.07,80.91,49.89,High
17031750400,2790,73.96,79.71,75.53,51.13,High
17031750500,4761,64.54,71.02,61.46,50.13,Moderate
17031804901,6319,80.34,83.46,81.12,68.12,Very High
17031804902,6173,79.67,82.36,79.47,71.15,High
17031805001,4966,80.32,84.04,80.56,67.35,Very High
17031805002,7434,70.04,75.85,69.1,52.89,High
17031819801,5161,86.42,90.92,87.98,67.8,Very High
17031819802,2463,84.21,90.16,86.47,59.08,Very High
17031819900,3257,84.85,89.9,86.63,63.84,Very High
17031820000,2161,83.63,90.94,85.7,54.44,Very High
17031827400,2781,49.92,62.54,39.07,33.19,Moderate
17031827600,2884,49.96,60.37,39.19,40.43,Moderate
17031282700,2243,68.91,76.57,73.87,31.82,High
17031282800,1498,66.62,76.9,70.82,22.57,High
17031400300,1361,56.34,68.65,55.21,17.98,Moderate
17031400500,2634,46.71,60.58,40.32,15.35,Moderate
17031400800,2768,32.58,47.79,20.04,11.15,Low
17031410100,2251,67.78,78.85,74.28,15.73,High
17031410500,3405,66.05,75.46,68.51,28.96,High
17031410600,2249,68.02,79.02,70.61,25.32,High
17031460100,2650,51.52,62.0,47.6,25.74,Moderate
17031805105,7301,71.76,78.2,68.99,56.74,High
17031827700,2659,49.41,55.69,48.4,30.84,Moderate
17031827802,3064,63.31,70.59,56.69,54.47,Moderate
17031827804,3037,63.55,69.16,58.81,55.91,Moderate
17031450300,3461,58.87,68.53,50.92,45.23,Moderate
17031460200,1880,48.64,61.72,38.58,28.53,Moderate
17031805106,2925,76.08,80.16,79.56,54.39,High
17031805107,6304,67.02,74.62,70.82,32.86,High
17031805108,6375,72.45,79.43,75.55,41.93,High
17031640400,3309,70.51,75.65,67.7,59.9,High
17031640500,4132,67.93,73.95,66.79,50.5,High
17031640600,4427,68.47,74.9,68.28,47.49,High
17031640700,3110,68.05,75.79,63.65,52.52,High
17031640800,1505,59.39,70.08,51.84,41.33,Moderate
17031650100,4622,63.09,72.52,55.8,48.67,Moderate
17031650200,7211,64.32,68.98,59.75,59.45,Moderate
17031811401,4849,67.95,75.31,61.73,57.97,High
17031811301,4302,65.62,72.14,60.69,55.39,High
17031750600,3844,59.19,69.45,47.86,51.45,Moderate
17031812600,3588,72.54,80.34,77.83,34.21,High
17031803008,4807,81.52,85.49,82.55,65.88,Very High
17031805110,4441,75.29,79.54,79.29,51.82,High
17031805111,8036,70.14,78.39,68.22,47.15,High
17031805112,3312,72.83,77.91,75.04,50.78,High
17031805201,3953,74.55,78.81,74.6,60.27,High
17031820300,5771,62.46,71.82,53.98,51.08,Moderate
17031820400,5265,59.49,68.49,50.88,49.56,Moderate
17031820902,6142,65.57,69.92,57.52,69.87,High
17031821001,4872,64.41,72.03,59.15,51.31,Moderate
17031827805,2645,61.45,65.75,59.8,50.94,Moderate
17031828000,5119,68.28,72.23,68.85,53.79,High
17031828100,5388,60.32,61.65,58.21,60.8,Moderate
17031828202,5334,62.72,70.21,56.75,51.7,Moderate
17031283100,2729,64.12,71.88,71.78,20.39,Moderate
17031283800,3504,65.15,76.33,64.08,30.37,High
17031410700,2541,66.03,74.53,73.1,21.18,High
17031410800,2890,72.4,81.38,80.27,24.14,High
17031829000,1034,31.83,40.48,27.46,13.16,Low
17031410900,3527,73.1,80.38,78.74,35.67,High
17031411000,3931,68.55,74.37,75.6,32.71,High
17031411100,2388,77.93,86.35,85.7,31.71,High
17031411200,1643,78.24,86.85,84.12,35.83,High
17031460400,3682,56.79,65.08,52.19,39.9,Moderate
17031460500,6284,64.22,72.31,57.26,53.48,Moderate
17031461000,1346,40.33,60.07,25.37,9.46,Low
17031829200,5623,57.79,64.26,49.08,56.52,Moderate
17031829301,4080,67.67,73.18,62.08,62.38,High
17031829302,3291,50.33,61.66,41.27,33.69,Moderate
17031829401,948,54.35,60.0,52.85,39.03,Moderate
17031805202,3891,77.23,83.31,81.86,46.19,High
17031805301,3179,75.99,80.55,78.25,55.5,High
17031805302,3896,77.47,80.05,79.28,64.62,High
17031805401,4618,77.41,81.86,79.35,58.04,High
17031770400,4440,70.54,76.94,70.83,48.55,High
17031800100,2367,88.03,97.07,87.39,59.4,Very High
17031800300,3303,87.15,94.18,88.03,61.61,Very High
17031812900,4588,81.17,87.49,82.71,56.5,Very High
17031813000,3828,79.94,87.15,82.32,50.38,High
17031813100,4729,77.46,84.97,77.97,51.25,High
17031800500,5576,87.14,93.91,85.54,68.32,Very High
17031821101,4860,68.31,72.53,65.06,61.88,High
17031821102,4589,68.37,72.59,64.89,62.38,High
17031821300,5853,57.09,65.32,53.09,38.97,Moderate
17031821002,5133,66.34,68.08,66.02,61.29,High
17031828401,3748,68.72,74.92,69.69,45.75,High
17031828402,3517,63.52,70.74,59.48,48.88,Moderate
17031828504,5413,52.28,58.95,44.26,48.75,Moderate
17031420100,1629,44.38,58.2,41.61,4.8,Low
17031420200,1796,51.83,65.31,49.82,11.59,Moderate
17031420400,1327,54.98,68.22,55.23,10.23,Moderate
17031420700,2274,42.09,56.03,30.64,22.33,Low
17031805402,4907,77.86,79.88,79.59,67.09,High
17031805501,3518,76.7,82.91,80.51,47.11,High
17031829600,3016,61.65,67.89,57.86,49.7,Moderate
17031420800,2322,54.79,68.01,51.02,19.51,Moderate
17031470100,2246,53.51,66.15,42.48,37.13,Moderate
17031480100,2161,62.35,72.39,56.03,43.65,Moderate
17031480200,1057,60.12,72.33,56.87,27.0,Moderate
17031480300,1131,59.1,73.69,51.23,28.86,Moderate
17031480400,5013,71.86,79.23,64.83,63.72,High
17031805502,4335,83.62,88.77,86.03,60.81,Very High
17031805600,4794,85.31,89.64,86.34,68.49,Very High
17031830001,2202,61.55,66.22,60.4,48.67,Moderate
17031830006,2644,46.14,39.37,59.66,37.16,Moderate
17031650400,6794,61.95,64.93,52.58,73.85,Moderate
17031650500,4159,62.91,70.23,53.81,59.78,Moderate
17031660400,4719,56.12,65.93,46.5,45.85,Moderate
17031800600,2389,87.83,96.01,88.61,58.73,Very High
17031801000,5261,83.57,88.38,86.52,60.67,Very High
17031801100,5045,86.94,92.0,88.37,66.72,Very High
17031801200,3699,87.7,94.32,88.69,63.33,Very High
17031811402,4218,67.8,76.39,62.59,51.32,High
17031813400,8214,62.33,71.4,50.16,60.51,Moderate
17031813200,4578,77.22,81.8,80.08,55.27,High
17031821401,2722,54.73,65.36,47.84,35.38,Moderate
17031805702,2036,81.71,86.99,85.24,55.86,Very High
17031805802,5440,81.32,84.43,83.58,65.65,Very High
17031821402,3375,59.37,66.45,59.65,35.14,Moderate
17031821600,4269,70.77,77.38,66.92,57.72,High
17031821700,4800,74.43,79.49,73.8,59.05,High
17031290900,4241,42.59,53.17,36.1,22.47,Low
17031291200,1312,48.36,64.65,38.42,17.22,Moderate
17031421200,1986,46.42,69.23,27.1,15.43,Moderate
17031806001,5742,68.24,73.74,71.73,41.77,High
17031801300,4448,82.05,88.31,84.42,55.66,Very High
17031801400,3052,83.92,88.0,87.77,61.35,Very High
17031801603,3781,69.38,76.59,75.46,31.15,High
17031801701,3568,85.99,91.53,87.86,63.18,Very High
17031806004,8661,72.25,76.79,70.54,61.11,High
17031806300,4430,74.99,78.56,76.31,60.03,High
17031806400,2396,74.49,79.42,77.25,51.6,High
17031806501,2382,65.03,72.22,64.97,41.22,High
17031271500,1470,56.06,71.23,47.92,24.5,Moderate
17031292200,2540,48.65,62.2,41.65,19.81,Moderate
17031292400,1765,48.87,63.45,41.17,18.25,Moderate
17031292500,3461,53.04,63.96,47.74,29.0,Moderate
17031806700,4266,82.15,87.37,81.3,66.7,Very High
17031806801,4334,73.5,77.64,75.62,54.74,High
17031806802,3293,75.4,83.1,75.65,49.14,High
17031806900,5524,74.21,78.0,76.06,57.24,High
17031807000,5283,67.89,74.5,68.03,45.56,High
17031801901,4362,75.7,81.3,75.59,57.27,High
17031801902,3770,83.82,90.43,83.48,62.57,Very High
17031802100,3717,79.83,86.02,82.1,53.89,High
17031802200,4937,84.97,89.68,88.27,61.59,Very High
17031271800,656,62.05,75.02,61.31,20.56,Moderate
17031280100,7730,83.14,89.5,90.98,43.65,Very High
17031280400,1423,54.62,71.55,47.72,14.27,Moderate
17031300600,2844,48.67,63.79,37.47,24.39,Moderate
17031300700,4791,57.94,70.05,48.7,39.14,Moderate
17031301100,2409,54.55,70.7,43.72,26.01,Moderate
17031301200,5209,53.12,62.6,48.18,33.04,Moderate
17031480500,2725,57.59,67.72,49.72,42.2,Moderate
17031490500,1775,65.13,72.78,62.83,45.0,High
17031520200,3652,54.01,62.64,50.04,34.49,Moderate
17031520300,5925,60.59,69.21,50.14,56.26,Moderate
17031520400,4393,61.38,68.18,54.05,55.82,Moderate
17031520500,5171,66.92,74.0,57.94,64.3,High
17031520600,2739,63.06,72.66,53.08,54.34,Moderate
17031660500,4284,57.59,66.9,51.91,39.83,Moderate
17031660600,5849,52.75,59.48,49.72,37.35,Moderate
17031660700,1617,45.33,53.73,38.87,32.4,Moderate
17031660800,5832,52.46,64.21,40.86,40.38,Moderate
17031660900,5631,50.39,59.25,40.66,43.56,Moderate
17031661000,5424,55.02,63.89,43.66,51.97,Moderate
17031802300,5770,80.72,87.54,84.17,49.92,Very High
17031802402,6076,74.03,80.88,72.09,55.7,High
17031802503,7571,75.84,77.43,76.04,70.1,High
17031802504,6844,70.96,74.04,66.45,71.2,High
17031280900,1122,61.31,73.76,62.24,17.64,Moderate
17031301600,3247,50.37,61.77,36.83,43.96,Moderate
17031490600,1446,59.74,68.42,54.69,42.61,Moderate
17031490700,2459,52.25,61.14,41.61,47.42,Moderate
17031490800,3705,57.53,68.44,47.95,43.51,Moderate
17031491000,3417,40.97,48.82,33.77,31.62,Low
17031491100,4205,63.9,72.65,55.34,54.72,Moderate
17031530200,4358,51.02,57.59,45.23,42.64,Moderate
17031530300,3484,57.75,68.99,48.02,43.01,Moderate
17031530400,2356,59.57,67.65,53.12,47.65,Moderate
17031530600,2385,56.29,67.81,50.42,31.58,Moderate
17031560100,1284,63.33,72.18,58.77,44.49,Moderate
17031670200,724,48.12,57.47,48.07,17.05,Moderate
17031670300,1332,43.05,59.47,29.64,19.65,Low
17031670400,1616,46.71,57.29,40.73,25.4,Moderate
17031661100,7186,63.79,68.95,53.8,69.88,Moderate
17031670100,1472,40.88,53.6,26.59,31.81,Low
17031670600,1174,46.91,60.62,30.39,39.73,Moderate
17031670700,1092,36.48,52.76,15.56,30.99,Low
17031670800,1022,45.04,58.33,36.82,19.92,Moderate
17031670900,1246,51.99,61.12,45.9,35.76,Moderate
17031802701,6326,78.19,80.73,78.28,69.48,High
17031802702,5043,77.4,82.14,78.33,59.44,High
17031260900,1351,41.23,55.46,28.96,22.46,Low
17031261000,2268,49.46,64.43,40.36,20.78,Moderate
17031281900,6749,82.39,88.45,91.04,42.0,Very High
17031310200,1824,73.14,82.45,80.23,25.55,High
17031310300,1836,66.38,82.18,62.58,22.59,High
17031310400,1456,65.51,75.74,68.72,23.92,High
17031310500,1599,57.89,72.23,55.61,15.37,Moderate
17031491200,1932,54.12,65.95,43.63,39.19,Moderate
17031491300,2131,45.7,57.55,37.04,26.42,Moderate
17031491400,2541,45.55,54.7,45.37,15.46,Moderate
17031500100,3231,61.24,71.04,57.11,38.16,Moderate
17031500200,1831,52.14,64.9,44.05,28.47,Moderate
17031500300,1794,58.51,66.31,58.45,32.65,Moderate
17031560200,1372,60.46,70.91,50.86,48.06,Moderate
17031560300,3079,64.69,69.41,60.29,59.27,Moderate
17031560700,3584,65.33,73.28,61.62,47.49,High
17031560800,6003,73.72,78.4,70.89,64.68,High
17031560900,5131,73.69,77.75,70.37,67.88,High
17031561000,6040,73.05,77.34,70.0,65.84,High
17031801702,4911,84.02,88.89,85.74,63.82,Very High
17031010300,6237,70.42,80.78,67.77,42.1,High
17031010400,4473,68.63,78.01,71.49,30.7,High
17031010600,6379,72.82,80.93,73.84,43.37,High
17031020100,3927,62.17,71.53,61.9,31.63,Moderate
17031280800,852,49.27,62.86,46.62,10.16,Moderate
17031420300,2495,59.35,67.72,63.89,20.86,Moderate
17031806600,3486,75.37,80.37,74.32,61.12,High
17031806502,3973,71.56,75.15,70.45,62.19,High
17031805902,6402,80.68,84.09,81.03,68.47,Very High
17031100200,7564,76.3,79.39,77.46,63.29,High
17031804805,6820,76.69,78.51,76.88,70.18,High
17031020200,7203,77.77,80.95,77.58,67.62,High
17031804202,7853,83.44,85.18,84.68,74.75,Very High
17031804701,5947,72.57,79.17,72.3,51.19,High
17031803605,6694,76.07,78.62,76.55,66.42,High
17031130200,1545,74.7,82.77,74.72,47.77,High
17031804306,6379,71.22,75.31,66.23,69.22,High
17031020400,4256,68.83,77.41,69.21,39.37,High
17031080202,3800,79.66,87.87,85.88,37.76,High
17031240200,1966,79.33,89.39,82.25,39.03,High
17031824105,7423,80.61,84.08,78.44,74.07,Very High
17031611800,2186,40.56,38.9,47.41,30.12,Low
17031060200,2147,77.23,86.67,85.76,25.86,High
17031221200,2865,73.77,83.45,78.1,31.36,High
17031826500,5599,57.45,63.71,49.73,54.64,Moderate
17031825302,5472,73.01,76.35,73.63,60.39,High
17031824107,7430,76.65,78.69,74.36,75.22,High
17031830202,3800,63.82,70.84,57.3,55.67,Moderate
17031061200,2052,79.37,90.28,86.5,26.38,High
17031808200,5806,73.19,76.68,71.27,66.02,High
17031030200,5554,75.62,81.76,79.81,45.38,High
17031030300,3642,66.92,76.33,69.35,29.88,High
17031030400,2822,70.85,81.14,75.0,26.86,High
17031030900,3076,76.52,85.56,81.56,34.62,High
17031031000,3652,77.9,86.04,83.71,37.23,High
17031823603,2292,54.17,61.12,50.45,39.7,Moderate
17031822400,6012,65.17,70.32,58.89,62.65,High
17031815702,5383,80.49,86.32,82.07,57.39,Very High
17031600600,2953,66.5,73.94,65.5,44.09,High
17031817900,5875,62.48,70.98,53.9,54.16,Moderate
17031811900,6126,83.62,88.25,82.92,69.83,Very High
17031420600,2663,43.79,56.17,38.56,14.7,Low
17031110100,5776,74.48,78.87,76.14,55.99,High
17031031400,4685,78.69,85.73,84.27,42.22,High
17031040900,2006,76.78,86.7,85.29,23.87,High
17031050200,5546,81.42,87.83,84.15,53.67,Very High
17031050300,2829,79.15,87.25,82.95,43.3,High
17031818600,4764,78.62,83.6,80.98,56.47,High
17031804807,5547,74.68,77.44,74.99,64.73,High
17031801800,6041,85.79,89.79,87.32,68.89,Very High
17031800400,3686,87.65,94.5,89.42,60.67,Very High
17031071700,1485,80.57,89.57,86.2,37.44,Very High
17031031800,2114,73.28,82.15,80.39,27.1,High
17031819000,4589,82.8,87.66,85.26,60.84,Very High
17031823903,4568,78.21,81.95,77.52,67.36,High
17031815701,3835,79.32,83.62,80.63,61.94,High
17031811600,5827,67.53,73.96,68.27,44.4,High
17031802900,6085,82.94,85.73,83.38,72.59,Very High
17031031700,6119,75.87,82.4,80.24,43.91,High
17031610400,1888,53.03,65.16,47.62,25.21,Moderate
17031050600,2232,79.62,88.95,86.18,33.24,High
17031050500,5199,83.94,91.48,87.08,51.48,Very High
17031823904,3961,76.33,80.59,76.54,61.62,High
17031820103,4279,73.77,79.75,74.82,51.41,High
17031805801,2360,77.96,82.25,80.23,58.35,High
17031071600,1903,81.94,91.82,85.76,40.11,Very High
17031828505,7218,70.18,72.65,66.19,71.28,High
17031830004,6874,65.88,69.58,61.39,64.02,High
17031828503,4274,55.82,66.55,45.07,45.15,Moderate
17031802002,4990,82.18,85.9,83.58,66.53,Very High
17031826202,5662,60.0,66.41,50.33,61.18,Moderate
17031671400,1299,44.4,54.99,30.02,42.62,Low
17031801605,5721,84.61,88.4,84.44,72.41,Very High
17031800700,4850,86.94,92.54,87.67,66.6,Very High
17031062300,1609,84.07,95.33,88.9,35.29,Very High
17031823102,3771,61.54,68.16,58.68,46.12,Moderate
17031630400,6003,53.89,59.6,47.58,49.62,Moderate
17031818401,3062,68.0,74.99,64.12,53.77,High
17031822802,3651,74.8,77.63,76.4,61.64,High
17031827902,4331,59.81,68.49,52.26,48.48,Moderate
17031829902,7171,70.8,73.37,66.16,73.04,High
17031010100,4284,63.56,74.36,61.26,32.96,Moderate
17031680600,1178,49.96,59.47,51.72,14.15,Moderate
17031803010,4686,79.74,81.65,82.22,67.61,High
17031804505,3644,71.93,78.48,74.21,44.75,High
17031804606,6349,80.19,81.94,80.46,73.73,Very High
17031804712,5431,75.61,81.14,76.87,54.29,High
17031807800,2718,78.4,82.42,81.07,58.81,High
17031808400,4297,77.14,80.45,78.64,62.62,High
17031811100,6876,67.77,73.53,66.27,52.07,High
17031030500,6344,78.73,85.22,81.76,50.04,High
17031820501,5286,68.39,72.78,66.69,57.73,High
17031814700,5071,68.25,74.13,64.01,58.54,High
17031819100,4004,65.05,74.0,61.61,43.24,High
17031828801,4892,74.52,78.56,72.92,64.8,High
17031020500,6646,57.96,66.61,53.81,38.79,Moderate
17031081300,6014,81.77,86.92,86.2,54.26,Very High
17031081000,8150,74.78,82.98,78.77,38.14,High
17031130100,4895,71.07,77.57,71.27,48.96,High
17031170200,3752,72.55,77.47,71.35,58.95,High
17031170300,4981,72.55,77.36,71.92,58.0,High
17031170400,3989,72.2,76.33,71.64,59.72,High
17031170500,5161,73.32,79.33,71.69,57.04,High
17031170600,2490,70.21,75.52,68.87,55.62,High
17031170700,3260,68.7,76.13,65.46,51.51,High
17031170800,4009,69.42,74.73,67.67,55.81,High
17031251400,3712,49.21,65.11,37.22,24.18,Moderate
17031260300,1878,40.84,50.42,38.34,14.78,Low
17031260500,1767,46.69,61.66,35.46,22.98,Moderate
17031260600,2398,42.85,54.42,31.46,30.88,Low
17031260700,1524,48.21,63.65,36.66,23.69,Moderate
17031260800,2001,37.69,48.76,30.77,16.92,Low
17031050700,1456,78.72,88.23,85.92,30.25,High
17031050900,1388,77.93,89.8,83.53,25.32,High
17031051000,1707,80.84,89.6,86.45,38.56,Very High
17031051100,1905,78.62,88.01,84.16,34.39,High
17031051200,1576,79.61,90.73,86.73,25.9,High
17031170900,1970,59.5,66.09,58.42,40.07,Moderate
17031171000,6829,72.85,76.04,71.45,65.46,High
17031171100,4103,67.34,75.64,61.6,53.07,High
17031180100,6544,68.24,73.35,64.97,58.89,High
17031190100,2338,59.49,75.51,52.91,21.45,Moderate
17031222200,2243,81.17,91.01,88.33,31.66,Very High
17031222500,1468,76.08,85.42,82.52,29.9,High
17031222600,1608,72.35,84.26,75.77,24.64,High
17031251500,4324,48.39,55.6,45.58,30.93,Moderate
17031251600,4456,47.92,60.59,35.75,34.1,Moderate
17031251700,1291,53.0,65.06,47.87,24.81,Moderate
17031251800,5399,42.44,54.32,31.33,28.75,Low
17031251900,5086,43.55,55.48,32.67,29.22,Low
17031252000,6308,47.69,57.74,38.59,35.45,Moderate
17031130300,5040,71.7,79.3,74.2,40.56,High
17031190200,5858,62.2,71.47,53.6,51.39,Moderate
17031190300,5289,64.33,73.12,59.74,45.75,Moderate
17031190800,6049,59.59,70.1,51.45,43.55,Moderate
17031260100,1016,43.28,60.57,33.26,9.02,Low
17031260200,1232,51.22,68.6,41.01,17.09,Moderate
17031530100,1915,43.43,61.29,26.97,22.3,Low
17031061800,1204,71.9,81.12,84.31,12.23,High
17031828201,3492,68.39,77.28,62.7,52.01,High
17031825000,4401,71.34,78.31,72.38,45.67,High
17031824300,4891,52.59,60.31,42.37,50.68,Moderate
17031824601,4207,73.17,77.51,71.27,63.12,High
17031818500,5693,78.78,82.37,77.0,70.94,High
17031823400,4646,59.43,66.08,53.52,51.05,Moderate
17031821500,1266,47.88,62.0,40.74,17.45,Moderate
17031410200,1281,69.42,79.13,80.56,11.06,High
17031222900,986,67.49,78.38,70.53,24.09,High
17031241000,1792,68.72,79.69,73.21,21.7,High
17031825400,5502,72.96,75.66,72.98,63.95,High
17031830005,3664,69.73,75.74,66.15,58.07,High
17031824505,6484,74.43,78.09,72.79,66.04,High
17031824800,7133,66.24,71.47,58.49,66.87,High
17031803608,8110,75.41,81.42,74.64,57.19,High
17031190900,1869,62.21,72.52,61.55,29.4,Moderate
17031191200,3775,55.74,68.53,45.24,37.64,Moderate
17031200100,3666,63.4,72.98,58.32,43.3,Moderate
17031200200,4435,61.53,72.26,53.77,43.85,Moderate
17031200300,1866,60.31,72.86,57.39,25.28,Moderate
17031222700,2202,65.29,76.24,66.6,25.75,High
17031230100,1636,67.4,78.22,68.47,28.83,High
17031230200,1977,68.38,80.39,69.06,26.75,High
17031230300,905,59.58,73.96,55.17,21.96,Moderate
17031230400,2116,61.58,71.79,56.68,38.95,Moderate
17031230500,3080,52.97,67.73,44.85,22.72,Moderate
17031351100,2160,33.95,44.29,30.57,7.37,Low
17031827500,4389,54.15,61.87,47.4,44.14,Moderate
17031807600,6319,75.74,77.84,76.68,66.53,High
17031826201,3837,58.31,70.7,49.03,38.68,Moderate
17031823001,7263,68.55,72.1,68.16,57.65,High
17031770500,4225,55.95,64.8,43.3,55.97,Moderate
17031820202,3291,66.36,71.81,64.91,51.54,High
17031611700,1847,43.44,53.62,39.16,19.5,Low
17031819700,5743,86.39,89.83,87.76,71.76,Very High
17031300500,3240,54.07,67.36,44.56,31.96,Moderate
17031816100,5968,70.17,76.13,67.48,56.54,High
17031818700,3871,76.54,81.35,76.79,59.94,High
17031817300,2868,59.99,68.15,56.58,40.75,Moderate
17031381500,670,37.96,51.8,31.06,7.89,Low
17031420500,2040,39.05,52.1,29.69,17.4,Low
17031811500,6210,68.6,70.84,65.43,68.54,High
17031081500,4906,82.51,89.82,88.1,45.09,Very High
17031081600,3725,80.97,88.99,90.74,31.45,Very High
17031081700,5217,80.27,88.11,90.11,31.2,Very High
17031081800,12213,86.28,89.78,88.47,69.48,Very High
17031081900,1111,75.85,84.77,84.38,26.19,High
17031222800,1052,56.79,69.1,58.8,11.04,Moderate
17031050800,1398,78.49,90.06,83.71,27.74,High
17031210100,4194,74.98,83.64,76.78,41.92,High
17031210400,2491,54.71,64.28,52.8,27.22,Moderate
17031230700,5773,46.71,57.09,32.9,44.36,Moderate
17031230800,1029,61.95,71.4,58.68,38.04,Moderate
17031230900,4903,64.78,73.34,64.32,37.31,Moderate
17031820502,5841,65.26,68.46,64.85,55.56,High
17031820901,5010,66.96,73.28,64.08,52.61,High
17031550200,2824,66.36,71.93,64.51,52.1,High
17031823200,4749,70.19,72.97,69.41,62.73,High
17031823304,6282,65.28,70.64,62.13,54.79,High
17031822602,7777,69.8,72.06,67.07,68.62,High
17031670500,1004,41.98,55.82,30.09,23.6,Low
17031820104,4466,72.66,77.8,73.74,53.0,High
17031820700,7031,69.36,72.59,63.41,72.45,High
17031580800,2096,60.42,71.28,56.31,33.82,Moderate
17031811800,5542,69.29,75.25,64.38,60.86,High
17031770300,7001,75.47,80.12,74.78,61.54,High
17031805109,4553,77.84,82.06,79.03,60.95,High
17031804603,6368,73.91,82.0,76.9,39.96,High
17031230600,8977,55.52,69.58,37.79,50.02,Moderate
17031242300,3805,78.05,87.28,81.89,38.3,High
17031242200,4014,81.32,90.53,86.21,39.24,Very High
17031032100,7279,70.91,77.21,75.19,39.92,High
17031828300,3062,67.45,70.22,67.88,57.21,High
17031824900,2952,60.71,69.29,52.13,52.11,Moderate
17031827801,4938,64.13,68.79,57.91,63.13,Moderate
17031801500,6367,81.61,85.12,83.02,66.63,Very High
17031806002,7235,74.04,77.85,73.86,61.77,High
17031811701,3491,58.11,65.87,55.49,38.32,Moderate
17031823803,7186,72.11,73.73,68.46,75.21,High
17031820800,3431,65.72,73.59,58.76,55.71,High
17031300800,4192,43.89,58.55,30.06,27.27,Low
17031060900,6943,79.07,83.78,85.58,48.15,High
17031061000,2324,74.94,84.52,83.95,21.98,High
17031210700,3724,73.18,81.81,77.47,34.41,High
17031817500,3470,55.32,67.03,48.14,33.03,Moderate
17031818300,6424,68.18,76.48,60.11,59.33,High
17031291600,1429,58.43,72.35,57.62,13.94,Moderate
17031400400,2204,48.93,60.98,46.7,13.96,Moderate
17031816500,4045,63.5,72.21,56.62,50.52,Moderate
17031805701,5361,82.31,86.1,84.43,64.74,Very High
17031804803,5381,72.65,76.96,75.73,51.07,High
17031191100,6651,55.58,67.74,43.03,44.34,Moderate
17031804105,4219,81.13,84.07,83.03,66.87,Very High
17031120100,4400,81.11,84.28,82.65,66.91,Very High
17031804705,4594,72.54,79.06,70.75,54.98,High
17031803603,6538,85.68,88.89,86.53,73.04,Very High
17031820101,7998,82.42,83.88,81.5,79.72,Very High
17031611200,2072,49.97,60.45,45.27,26.0,Moderate
17031300900,3937,51.05,61.98,39.95,40.52,Moderate
17031061100,1436,79.0,89.49,89.81,18.84,High
17031061500,2023,79.23,89.22,87.79,25.92,High
17031062000,2890,78.87,89.1,87.79,23.91,High
17031062100,3646,78.36,87.06,87.9,27.1,High
17031062200,3152,82.0,88.62,89.92,41.48,Very High
17031827901,1936,68.59,76.47,62.07,57.51,High
17031829500,3986,59.59,67.59,52.08,50.41,Moderate
17031090200,6505,80.0,84.46,80.88,63.1,High
17031090100,3526,76.1,79.44,78.55,59.23,High
17031829100,3382,52.09,64.57,41.62,34.94,Moderate
17031824503,6135,74.04,77.01,72.65,67.38,High
17031824106,6534,74.66,76.75,73.0,71.59,High
17031823801,5376,78.55,82.45,77.85,67.2,High
17031801608,6308,82.0,85.58,84.54,64.12,Very High
17031805901,4404,73.37,78.24,75.51,52.11,High
17031826401,3337,55.54,64.15,44.17,53.36,Moderate
17031260400,939,17.59,18.32,20.12,9.23,Very Low
17031351500,946,51.84,64.24,54.17,5.1,Moderate
17031811200,5198,68.07,73.0,64.11,60.87,High
17031770800,5773,71.33,77.48,67.83,59.03,High
17031804102,6865,83.91,86.07,84.31,75.75,Very High
17031802605,7230,80.72,82.66,82.86,69.24,Very High
17031803800,4159,77.45,82.2,79.51,56.82,High
17031210800,1142,68.26,78.64,72.8,23.05,High
17031210900,3174,72.82,79.49,76.78,41.37,High
17031803901,3702,73.16,78.34,75.1,51.37,High
17031801601,4423,80.3,85.33,83.95,54.99,Very High
17031800900,4341,83.19,87.4,85.33,64.21,Very High
17031804305,7790,70.66,73.73,64.99,73.65,High
17031081100,4455,74.1,83.17,81.61,26.33,High
17031241200,1698,76.23,85.62,84.15,26.42,High
17031031200,5936,56.28,67.9,50.8,30.35,Moderate
17031062500,1420,76.37,83.23,82.87,38.33,High
17031062600,2371,83.33,91.84,88.23,43.53,Very High
17031062700,3046,80.43,89.29,87.7,33.93,Very High
17031062800,3682,82.88,91.55,89.59,38.32,Very High
17031062900,4138,82.05,89.96,89.07,39.28,Very High
17031063000,3280,78.75,86.52,88.96,28.98,High
17031062400,1799,80.46,89.48,85.11,39.54,Very High
17031063100,2352,78.07,88.99,87.19,20.35,High
17031063200,6380,82.02,89.06,89.75,40.52,Very High
17031063400,2435,78.54,90.46,88.34,15.94,High
17031090300,1371,76.15,82.96,79.47,45.66,High
17031100100,5890,75.86,79.67,76.25,62.23,High
17031100300,6447,75.15,80.32,74.72,58.95,High
17031140100,3520,69.02,80.71,69.63,28.66,High
17031140200,6603,65.93,74.07,64.81,41.38,High
17031140400,5911,75.43,80.46,73.37,63.51,High
17031140500,3171,66.48,77.63,64.91,32.95,High
17031800800,2331,78.8,84.52,81.52,53.37,High
17031242700,1837,67.46,80.39,67.57,24.09,High
17031070200,4019,78.93,87.86,86.34,31.86,High
17031070300,3818,81.32,89.71,88.62,36.32,Very High
17031070400,3421,79.56,90.49,81.62,38.33,High
17031070500,3185,82.85,92.27,87.11,41.51,Very High
17031070600,3194,83.69,92.31,88.56,43.6,Very High
17031070700,3741,79.79,88.15,83.85,42.46,High
17031100400,3325,78.43,83.05,78.72,62.36,High
17031100600,4914,72.71,78.25,71.21,57.72,High
17031100700,5372,73.64,75.14,73.69,68.53,High
17031110200,2821,65.22,72.36,67.67,35.7,High
17031150200,7263,71.45,76.53,70.38,56.98,High
17031150300,7272,74.12,79.54,74.41,55.4,High
17031140800,6212,74.67,81.09,78.3,44.77,High
17031231200,5957,48.65,60.91,33.47,43.22,Moderate
17031231100,1362,57.07,70.85,46.84,35.0,Moderate
17031242400,2705,77.84,88.49,84.92,25.83,High
17031242500,3255,71.69,82.88,75.63,25.17,High
17031120200,4573,81.7,86.8,82.94,61.79,Very High
17031120300,7046,82.59,85.28,81.22,76.85,Very High
17031120400,3836,73.64,77.47,74.76,58.26,High
17031231500,5809,49.46,59.13,39.55,40.34,Moderate
17031071100,3186,83.86,96.54,87.01,34.27,Very High
17031071000,4525,79.78,87.59,85.03,41.49,High
17031071200,2386,77.83,85.76,85.07,34.51,High
17031071300,4129,79.5,86.45,85.73,41.78,High
17031110300,5304,74.74,76.83,76.07,64.68,High
17031220300,1998,75.97,86.11,82.36,27.24,High
17031220400,2670,75.02,84.45,80.41,31.04,High
17031220500,2810,75.09,83.56,82.07,30.58,High
17031240300,1272,80.58,90.42,86.72,33.42,Very High
17031240500,2515,82.29,90.65,89.2,38.33,Very High
17031060400,3691,82.15,89.86,89.36,39.6,Very High
17031060500,1287,65.91,78.25,69.97,15.29,High
17031240800,1480,74.62,86.25,75.6,33.58,High
17031240600,1639,75.2,83.96,80.74,33.07,High
17031240700,1634,71.86,83.91,75.98,22.1,High
17031240900,1093,71.96,84.12,77.23,19.18,High
17031242600,5512,67.62,75.46,71.27,32.96,High
17031803100,3448,80.23,84.04,82.9,61.31,Very High
17031310600,5542,67.15,77.88,66.28,33.4,High
17031310700,1354,58.03,70.49,60.17,11.53,Moderate
17031310800,4633,62.55,71.67,63.12,30.84,Moderate
17031020602,5343,73.83,81.26,74.54,47.39,High
17031310900,4914,60.66,71.17,55.68,37.29,Moderate
17031510100,3639,58.66,66.97,53.98,41.88,Moderate
17031510200,3714,57.87,69.52,45.72,47.39,Moderate
17031561100,5888,74.91,78.56,71.29,71.2,High
17031190701,2835,64.25,75.92,60.9,33.19,Moderate
17031020901,6179,63.33,73.03,58.7,41.79,Moderate
17031010202,2865,61.49,71.7,64.02,21.57,Moderate
17031570100,1421,57.74,64.92,53.01,44.82,Moderate
17031570200,2084,49.67,43.54,63.54,37.73,Moderate
17031570300,5951,63.2,67.77,57.9,60.37,Moderate
17031570400,1712,59.12,69.58,54.91,34.04,Moderate
17031570500,2699,60.36,66.46,59.71,41.56,Moderate
17031690400,2908,53.8,64.55,50.17,26.43,Moderate
17031691300,2332,53.83,63.54,49.37,31.9,Moderate
17031691400,2701,48.62,62.06,36.77,31.46,Moderate
17031691500,1895,36.2,44.22,32.17,18.86,Low
17031320400,3004,77.33,85.96,79.29,44.03,High
17031580100,2662,61.49,66.21,63.74,40.52,Moderate
17031580200,2988,53.71,67.7,42.52,33.22,Moderate
17031580300,2569,63.31,71.18,62.27,39.52,Moderate
17031580400,4672,60.35,71.54,51.04,44.75,Moderate
17031580600,5402,61.77,70.15,54.64,50.48,Moderate
17031580700,6137,53.02,60.8,44.21,47.63,Moderate
17031681300,2323,36.2,51.43,24.02,13.82,Low
17031681400,1879,54.32,70.86,40.62,31.15,Moderate
17031690300,2303,52.05,65.68,48.42,15.06,Moderate
17031690500,742,49.77,59.65,42.91,32.86,Moderate
17031690900,3809,52.39,62.05,45.29,36.77,Moderate
17031691000,2655,57.71,67.98,51.21,38.69,Moderate
17031700100,3874,61.7,69.98,50.85,59.37,Moderate
17031700200,6888,63.31,68.24,51.83,73.69,Moderate
17031320600,6116,79.34,85.48,86.74,41.64,High
17031330200,3969,76.6,84.53,77.69,47.63,High
17031590500,1672,68.04,75.94,70.92,35.02,High
17031590600,3813,65.13,73.4,62.53,43.63,High
17031671200,840,44.6,61.13,30.14,23.23,Low
17031671100,915,30.43,39.9,21.03,20.78,Low
17031671300,1657,41.78,51.18,30.54,36.67,Low
17031671500,2308,51.89,65.37,41.43,31.33,Moderate
17031671600,1709,40.78,47.38,40.36,19.79,Low
17031671800,1128,44.11,50.52,41.59,28.57,Low
17031671900,1034,43.79,43.47,48.58,33.71,Low
17031710100,1026,39.75,45.97,41.25,15.5,Low
17031710200,4056,45.1,58.44,33.39,27.96,Moderate
17031710400,5668,51.68,59.68,41.84,47.95,Moderate
17031710500,4087,51.58,62.86,41.49,37.54,Moderate
17031710600,1720,50.72,64.52,42.05,24.93,Moderate
17031710800,4536,47.63,56.18,43.03,29.85,Moderate
17031340300,1698,66.14,74.76,70.25,27.83,High
17031340500,1558,61.06,70.76,63.08,24.03,Moderate
17031340600,1317,32.47,45.05,26.63,4.13,Low
17031430200,5455,52.26,63.96,45.2,29.74,Moderate
17031430300,2611,51.21,64.39,46.33,18.65,Moderate
17031510300,4640,45.89,53.56,37.16,40.69,Moderate
17031520100,2062,53.55,67.38,41.75,34.97,Moderate
17031590700,2914,65.39,73.12,63.75,43.49,High
17031600400,3963,65.51,73.35,66.38,37.36,High
17031824115,4064,73.44,76.62,74.54,60.31,High
17031825303,3995,68.62,73.43,72.2,44.23,High
17031830007,4947,62.75,71.51,59.72,40.66,Moderate
17031813801,3282,55.84,70.49,45.18,31.87,Moderate
17031830600,4788,64.49,72.18,68.44,29.66,Moderate
17031830800,2415,74.34,85.48,83.16,16.63,High
17031830700,4249,63.75,73.55,64.83,28.59,Moderate
17031830900,2957,76.23,84.69,82.34,33.77,High
17031835200,2276,65.37,73.75,63.85,40.96,High
17031839900,4558,72.88,79.94,74.01,46.75,High
17031839700,4753,74.28,81.27,77.87,42.62,High
17031839800,2662,67.97,77.42,74.06,22.28,High
17031834800,1683,45.56,58.98,38.31,17.79,Moderate
17031834700,1344,48.56,62.89,39.62,21.64,Moderate
17031832000,1701,78.18,87.14,88.34,24.61,High
17031832500,3277,76.61,85.35,81.08,37.03,High
17031832300,1938,77.48,88.48,84.35,24.83,High
17031838300,2483,72.63,85.82,79.09,13.6,High
17031831800,7918,71.85,77.39,71.31,54.69,High
17031831700,2224,65.39,77.18,62.42,33.03,High
17031835100,4666,58.19,66.36,51.52,46.5,Moderate
17031835000,5549,49.18,57.5,42.08,38.05,Moderate
17031843700,2453,78.99,86.92,83.13,42.92,High
17031220702,3959,66.43,77.47,65.29,32.3,High
17031842100,7110,56.22,65.59,44.54,52.24,Moderate
17031843300,1572,44.34,53.14,45.94,11.3,Low
17031824123,7648,76.38,78.44,74.09,74.88,High
17031804405,3348,61.65,73.75,58.32,29.1,Moderate
17031831100,7191,71.07,78.56,69.96,48.71,High
17031831500,3859,64.53,73.4,59.63,46.4,Moderate
17031831600,7221,65.29,73.78,58.33,53.21,High
17031831200,4710,60.63,72.84,51.62,40.98,Moderate
17031831000,2224,81.73,89.58,86.96,43.36,Very High
17031843000,2399,43.88,57.83,35.37,17.21,Low
17031843100,1564,51.86,65.13,49.3,13.65,Moderate
17031842900,3216,44.52,55.52,39.74,19.05,Low
17031843500,9398,58.87,62.4,52.56,61.86,Moderate
17031842000,2794,65.59,68.26,71.26,43.44,High
17031804508,2345,60.93,71.08,59.51,30.4,Moderate
17031770901,4796,73.38,76.7,74.63,59.36,High
17031832400,3558,78.14,86.03,83.08,40.28,High
17031832900,2092,69.68,78.08,77.84,22.62,High
17031840300,3646,64.27,70.74,59.69,53.37,Moderate
17031823805,3030,73.79,77.07,75.21,59.57,High
17031838600,1518,43.64,57.45,38.7,9.14,Low
17031839600,1965,57.34,69.98,50.91,30.21,Moderate
17031834900,905,39.03,49.89,34.93,12.42,Low
17031030603,2305,66.7,76.54,75.52,13.33,High
17031832200,3216,80.97,91.61,86.48,32.64,Very High
17031836700,2507,54.29,72.08,42.61,22.19,Moderate
17031836800,2635,35.65,49.96,23.23,16.93,Low
17031836600,2275,66.28,79.17,67.04,21.56,High
17031833000,4677,79.46,87.8,85.77,36.94,High
17031842500,2449,46.06,59.35,42.21,10.8,Moderate
17031841800,2330,50.57,60.28,43.56,34.56,Moderate
17031842800,6069,57.57,66.18,49.7,47.21,Moderate
17031843800,1479,55.34,67.11,51.22,25.72,Moderate
17031841000,1148,69.88,81.16,71.4,28.69,High
17031836500,1522,51.86,70.74,42.18,11.51,Moderate
17031843900,3700,57.74,70.82,48.2,36.38,Moderate
17031834200,5689,57.36,64.05,55.99,38.23,Moderate
17031842200,3602,77.64,87.88,82.95,31.16,High
17031838000,2671,52.55,61.27,53.21,21.93,Moderate
17031010702,5148,60.86,71.37,59.31,29.47,Moderate
17031010503,2417,55.5,64.97,59.39,14.86,Moderate
17031010502,3407,68.72,76.51,76.4,24.83,High
17031010701,3590,70.56,80.38,69.67,39.93,High
17031020902,4365,62.49,71.14,60.7,37.82,Moderate
17031020302,5201,71.01,78.68,68.26,51.87,High
17031020601,5868,66.46,73.22,63.95,49.81,High
17031020301,5432,73.67,77.12,75.91,56.92,High
17031760803,6862,71.41,77.53,73.0,47.31,High
17031530501,5118,44.2,51.68,33.1,45.14,Low
17031530503,4369,59.81,66.46,51.84,56.23,Moderate
17031650301,4863,60.33,68.03,49.67,59.55,Moderate
17031650302,4945,58.8,69.3,45.35,55.16,Moderate
17031530502,1464,61.28,67.86,55.86,52.03,Moderate
17031803611,6425,66.43,73.73,60.18,56.68,High
17031831300,1176,45.88,65.71,29.14,18.81,Moderate
17031831400,2962,50.38,64.96,37.02,32.98,Moderate
17031837000,1843,53.98,66.25,51.59,18.67,Moderate
17031842400,3207,67.28,75.09,66.49,43.14,High
17031832100,3592,72.75,83.02,78.67,24.71,High
17031020802,8715,65.73,71.99,63.1,50.99,High
17031020702,8412,67.34,69.96,69.75,52.95,High
17031020801,5990,70.33,76.83,71.6,45.69,High
17031040202,7965,65.93,72.57,64.25,47.71,High
17031040201,6688,77.74,84.5,81.01,47.59,High
17031040402,4581,76.55,84.63,84.38,31.32,High
17031031501,4640,56.14,67.23,53.02,26.43,Moderate
17031081201,4428,82.21,91.47,87.94,38.0,Very High
17031063301,2992,72.05,82.35,81.36,16.02,High
17031490901,3084,46.05,56.76,39.31,26.05,Moderate
17031490902,4697,60.83,72.03,51.09,46.2,Moderate
17031301801,4086,53.61,61.87,49.67,35.27,Moderate
17031700301,6124,66.97,72.3,58.35,69.33,High
17031301702,4086,51.52,67.21,36.04,35.34,Moderate
17031700401,6218,63.48,67.51,57.19,64.69,Moderate
17031803612,3470,59.97,70.72,60.32,23.3,Moderate
17031803702,6154,78.83,82.92,81.38,59.28,High
17031804713,5097,76.58,83.45,84.55,35.09,High
17031804309,3311,69.23,75.66,66.02,55.26,High
17031804510,5389,65.43,72.78,59.46,54.9,High
17031837100,1515,56.02,66.07,55.51,23.69,Moderate
17031837400,2186,50.4,56.93,49.6,30.48,Moderate
17031837800,2875,58.68,68.97,59.98,21.32,Moderate
17031837300,2515,41.42,53.1,34.53,18.59,Low
17031841500,1909,43.28,55.68,35.4,20.35,Low
17031838700,3737,40.38,57.28,22.72,25.22,Low
17031150501,3854,75.69,80.21,78.24,54.7,High
17031150401,5146,70.34,77.29,69.49,49.18,High
17031150502,3953,71.54,79.0,69.99,50.29,High
17031110502,3533,72.8,78.7,75.07,47.84,High
17031150402,3945,69.35,77.62,67.51,46.08,High
17031140302,3311,65.95,75.29,67.34,31.6,High
17031140301,2908,56.83,71.37,50.3,23.59,Moderate
17031700302,6003,66.15,70.52,58.47,69.52,High
17031580501,4716,59.96,68.13,57.96,37.41,Moderate
17031580502,4932,57.48,68.3,48.99,41.23,Moderate
17031730201,5671,60.87,70.71,53.65,44.92,Moderate
17031301802,2623,54.09,69.72,42.4,29.24,Moderate
17031440101,3986,42.09,56.62,32.27,16.53,Low
17031301701,4205,57.67,67.99,48.69,44.22,Moderate
17031804509,6440,65.68,72.63,56.46,64.01,High
17031804511,2234,62.82,71.62,64.74,29.02,Moderate
17031804609,5993,79.17,82.33,84.8,55.51,High
17031804608,3634,77.11,82.93,80.2,50.5,High
17031806202,4939,71.89,78.39,70.52,53.45,High
17031839100,8227,80.12,85.49,87.33,45.39,Very High
17031833100,8469,85.27,89.54,87.85,65.01,Very High
17031838100,1501,56.12,68.95,55.9,13.87,Moderate
17031833300,2686,72.73,78.44,84.49,26.28,High
17031838200,1834,73.84,78.43,85.27,31.85,High
17031140702,5572,66.77,77.05,64.42,38.01,High
17031140602,4703,60.07,69.32,58.95,31.85,Moderate
17031140701,2990,66.96,78.09,66.56,30.77,High
17031160502,4012,69.09,79.46,65.8,42.22,High
17031160602,3757,71.72,79.84,72.36,43.15,High
17031151002,4892,64.15,73.03,61.53,40.68,Moderate
17031151001,2816,65.05,74.14,62.47,40.75,High
17031190402,4896,62.45,73.04,55.81,42.61,Moderate
17031431301,3555,45.43,64.48,29.43,19.27,Moderate
17031431302,3788,41.3,53.31,34.32,17.58,Low
17031460302,4212,53.39,61.17,47.67,40.77,Moderate
17031460301,3189,50.37,60.58,40.69,38.95,Moderate
17031700501,6565,59.65,68.85,45.46,62.06,Moderate
17031700502,3656,67.5,74.36,61.69,58.24,High
17031210601,2818,68.33,78.83,67.62,35.01,High
17031812302,2818,79.75,86.52,82.59,50.54,High
17031812802,2826,74.42,83.97,79.06,31.76,High
17031812801,3398,70.32,79.37,74.07,31.38,High
17031812301,5184,76.94,84.58,84.09,34.81,High
17031813802,4386,60.14,70.89,52.21,42.8,Moderate
17031813701,2896,58.39,68.41,56.5,29.39,Moderate
17031820603,5255,64.2,68.33,60.49,59.1,Moderate
17031841100,6990,66.3,74.14,63.57,46.51,High
17031840200,2198,60.53,68.34,59.04,37.96,Moderate
17031841300,4317,66.89,76.44,64.74,40.06,High
17031840700,3930,68.67,77.52,67.85,41.12,High
17031841700,1137,51.64,64.79,48.52,15.1,Moderate
17031190602,5554,64.96,72.65,58.32,54.83,Moderate
17031190401,4119,68.46,74.66,65.01,55.84,High
17031190702,4707,56.24,68.09,45.83,41.02,Moderate
17031191302,4439,59.24,73.23,46.16,43.11,Moderate
17031190601,3986,63.51,72.5,56.3,50.37,Moderate
17031191301,5211,61.13,72.77,51.38,45.08,Moderate
17031200402,5072,62.73,74.41,55.18,41.41,Moderate
17031200401,3408,58.66,70.02,52.69,34.74,Moderate
17031220902,3194,63.97,75.8,60.58,32.46,Moderate
17031210501,2866,61.1,71.86,61.14,25.14,Moderate
17031160601,3003,74.45,83.3,77.03,38.94,High
17031061901,3517,72.21,80.09,81.83,23.48,High
17031840800,3258,51.34,64.45,40.31,33.34,Moderate
17031030703,3093,65.65,73.67,72.26,23.52,High
17031081403,8987,81.54,89.12,86.82,43.98,Very High
17031030702,2266,71.51,75.99,79.28,38.45,High
17031440102,3320,50.48,64.73,42.07,22.59,Moderate
17031440202,2763,56.26,66.25,54.81,26.33,Moderate
17031824113,6703,79.38,80.69,79.57,74.6,High
17031825304,4192,72.29,76.48,71.82,59.4,High
17031830008,4234,72.64,78.14,69.43,61.8,High
17031803012,2014,73.26,81.02,76.42,40.03,High
17031802607,1217,76.17,80.34,80.31,52.64,High
17031830500,3948,60.37,70.8,50.25,49.22,Moderate
17031840100,2880,67.02,73.79,70.15,37.18,High
17031840400,3434,68.22,74.43,66.26,52.09,High
17031839200,2375,59.42,68.54,58.67,30.75,Moderate
17031835500,1393,35.29,49.33,25.0,12.51,Low
17031804404,5567,69.5,74.76,63.59,65.71,High
17031804804,5744,71.79,76.41,72.73,54.17,High
17031030604,2921,70.01,79.36,76.4,23.97,High
17031031502,4622,60.15,72.22,58.94,22.75,Moderate
17031081402,5942,81.16,88.41,88.06,40.88,Very High
17031080201,3236,79.56,85.73,86.32,43.26,High
17031760802,2191,71.33,75.68,74.2,50.14,High
17031140601,2762,63.32,73.4,62.42,31.81,Moderate
17031070102,2980,80.57,90.65,88.16,29.29,Very High
17031210502,4412,66.45,75.7,67.48,33.25,High
17031540102,3357,37.84,49.47,29.26,19.05,Low
17031700402,3417,67.84,75.72,59.28,61.58,High
17031830100,3199,66.61,72.97,62.3,55.48,High
17031830201,4822,57.3,65.52,56.0,32.93,Moderate
17031830300,5062,59.08,72.19,47.73,41.88,Moderate
17031830400,3778,59.37,65.82,54.44,49.34,Moderate
17031812700,2981,75.01,82.59,78.74,41.07,High
17031030800,4236,76.74,84.89,82.77,35.52,High
17031031100,4898,72.34,81.53,78.59,27.1,High
17031811702,5516,64.1,71.44,56.95,56.3,Moderate
17031812100,4836,78.31,82.66,78.81,62.69,High
17031821800,5235,74.91,79.51,73.73,62.32,High
17031821900,5426,76.39,80.23,74.52,67.98,High
17031822000,4299,68.32,73.8,66.44,54.45,High
17031822101,4565,67.93,72.43,65.25,59.13,High
17031828601,4391,74.93,79.04,74.83,61.45,High
17031828602,4310,72.8,79.36,69.12,59.52,High
17031828701,4399,61.9,69.04,55.88,52.16,Moderate
17031828702,3963,62.62,69.02,59.21,49.23,Moderate
17031822900,2084,68.48,74.33,68.8,48.2,High
17031031300,6853,69.54,76.85,69.96,44.19,High
17031031900,2417,77.61,88.08,84.66,26.24,High
17031813500,6298,63.99,73.05,54.97,54.8,Moderate
17031813600,5712,63.01,72.97,53.45,52.12,Moderate
17031822102,4663,70.67,75.36,68.75,59.5,High
17031822200,3805,65.09,69.37,62.03,57.97,High
17031822301,3664,69.92,74.8,65.73,63.46,High
17031822302,4485,70.64,74.97,69.93,57.88,High
17031822500,4295,71.88,75.89,70.6,61.51,High
17031828900,3769,54.42,64.6,46.88,38.11,Moderate
17031828802,3252,65.72,72.59,60.73,54.47,High
17031813900,6821,61.42,71.48,50.88,52.46,Moderate
17031822601,4545,73.87,77.9,71.35,66.32,High
17031822701,4905,72.03,77.04,70.78,58.28,High
17031822702,3364,70.44,75.8,71.4,50.35,High
17031822801,3116,73.82,78.45,77.75,49.2,High
17031823002,5196,67.33,73.04,67.26,48.47,High
17031814000,4507,60.6,71.86,51.75,43.75,Moderate
17031814100,4793,59.65,73.26,48.61,40.05,Moderate
17031814200,8122,64.41,71.07,54.4,65.54,Moderate
17031814300,4740,56.44,69.16,42.4,46.81,Moderate
17031814400,7652,62.96,70.05,53.78,60.73,Moderate
17031823101,4317,63.41,69.39,61.2,48.61,Moderate
17031823302,5705,65.11,71.93,62.0,49.63,High
17031823303,4255,65.5,72.53,61.19,52.13,High
17031823500,4426,65.52,71.6,64.73,47.09,High
17031814500,5862,67.65,77.04,56.42,62.59,High
17031814600,5956,67.62,73.19,62.61,60.72,High
17031814800,6108,68.57,75.29,65.05,54.36,High
17031814900,6566,64.26,74.95,60.16,38.2,Moderate
17031815000,3839,64.33,76.66,58.94,35.81,Moderate
17031815100,4801,63.87,70.08,60.06,52.07,Moderate
17031823602,6164,70.73,74.5,67.95,64.63,High
17031823604,3281,76.12,79.67,76.69,62.94,High
17031823605,4028,75.91,80.39,76.41,59.8,High
17031823702,5805,69.13,74.36,69.96,49.74,High
17031160501,3270,66.38,78.1,63.98,32.91,High
17031815200,7542,65.58,71.94,59.07,59.6,High
17031815300,3538,72.25,78.82,70.09,55.4,High
17031815400,5318,67.77,76.83,64.59,45.0,High
17031815500,7817,69.2,72.71,61.8,74.76,High
17031823704,4058,72.0,76.57,68.87,64.02,High
17031823705,4770,72.14,78.47,70.65,54.54,High
17031815800,1720,74.12,80.52,77.06,45.96,High
17031815900,4756,72.12,80.05,73.81,41.75,High
17031816000,3441,73.83,81.32,78.06,38.96,High
17031816200,4634,71.36,77.29,70.83,52.82,High
17031824507,3650,70.42,75.7,70.12,53.54,High
17031824602,6591,72.49,76.49,69.67,65.74,High
17031824701,3532,63.64,70.48,61.43,46.05,Moderate
17031824702,5530,66.19,70.71,61.58,61.84,High
17031825200,1921,66.93,72.31,65.13,53.17,High
17031040100,4011,76.83,85.93,79.98,39.18,High
17031040300,3063,69.8,76.94,71.71,41.52,High
17031816300,4861,61.28,70.24,52.39,52.16,Moderate
17031816401,3761,57.57,70.13,51.65,29.52,Moderate
17031816402,4980,58.1,73.25,40.32,49.14,Moderate
17031816600,4370,56.46,68.0,45.41,43.77,Moderate
17031816700,2810,60.19,70.11,54.11,41.32,Moderate
17031825503,7559,65.58,67.85,60.04,70.93,High
17031825504,3222,62.59,74.58,51.99,47.38,Moderate
17031825505,5346,63.08,69.21,54.68,62.24,Moderate
17031825700,4028,59.24,68.67,50.42,48.41,Moderate
17031808800,3921,84.2,91.53,86.71,53.93,Very High
17031611600,1995,28.67,19.88,42.89,24.81,Low
17031340400,1630,61.43,72.28,61.78,24.41,Moderate
17031816800,5536,68.63,74.93,61.35,64.63,High
17031770700,2290,66.65,77.4,69.57,23.98,High
17031806102,4325,73.8,77.48,76.0,56.39,High
17031430700,2256,51.53,60.5,54.22,15.33,Moderate
17031808100,3837,71.83,76.3,71.48,57.76,High
17031804810,6552,75.99,79.98,77.71,58.68,High
17031808500,4334,79.61,82.45,81.35,66.09,High
17031800200,6420,87.41,92.37,86.98,71.88,Very High
17031191000,2556,61.5,73.68,53.72,39.07,Moderate
17031560400,1744,60.46,69.41,51.24,52.16,Moderate
17031710700,3412,47.11,54.45,43.85,30.3,Moderate
17031550100,6201,45.99,38.76,52.99,53.77,Moderate
17031283200,1727,67.7,76.22,74.99,22.29,High
17031100500,5814,79.84,83.35,79.65,68.59,High
17031801607,5753,83.27,88.54,84.55,62.76,Very High
17031804106,7232,80.23,80.83,83.28,71.09,Very High
17031801606,7456,85.08,87.36,86.36,74.48,Very High
17031819200,6690,68.88,73.84,62.74,66.7,High
17031815600,5462,72.21,79.52,68.15,57.29,High
17031818000,4153,64.27,71.32,61.33,47.64,Moderate
17031812000,5442,83.08,88.38,83.09,65.4,Very High
17031829402,3089,60.36,69.33,55.65,41.45,Moderate
17031811302,3988,57.7,69.93,50.6,33.53,Moderate
17031802802,6530,79.9,83.2,79.78,69.2,High
17031829700,2904,58.37,66.79,53.29,42.13,Moderate
17031830003,8195,74.38,78.24,67.45,77.71,High
17031823703,9197,68.34,69.99,65.04,70.54,High
17031829800,6613,78.63,81.55,76.83,73.13,High
17031804607,7334,79.31,83.06,78.88,67.82,High
17031823901,4020,76.76,81.26,75.54,64.61,High
17031804709,8425,75.3,80.76,74.73,58.42,High
17031826800,4942,57.07,65.75,49.09,46.76,Moderate
17031710300,1382,54.77,68.89,48.49,22.33,Moderate
17031825600,5332,57.87,62.88,51.66,55.63,Moderate
